[
  {
    "model": "railway.crew",
    "pk": 1,
    "fields": {
      "first_name": "First1",
      "last_name": "Last1"
    }
  },
  {
    "model": "railway.crew",
    "pk": 2,
    "fields": {
      "first_name": "First2",
      "last_name": "Last2"
    }
  },
  {
    "model": "railway.crew",
    "pk": 3,
    "fields": {
      "first_name": "First3",
      "last_name": "Last3"
    }
  },
  {
    "model": "railway.crew",
    "pk": 4,
    "fields": {
      "first_name": "First4",
      "last_name": "Last4"
    }
  },
  {
    "model": "railway.crew",
    "pk": 5,
    "fields": {
      "first_name": "First5",
      "last_name": "Last5"
    }
  },
  {
    "model": "railway.traintype",
    "pk": 1,
    "fields": {
      "name": "Type1"
    }
  },
  {
    "model": "railway.traintype",
    "pk": 2,
    "fields": {
      "name": "Type2"
    }
  },
  {
    "model": "railway.traintype",
    "pk": 3,
    "fields": {
      "name": "Type3"
    }
  },
  {
    "model": "railway.train",
    "pk": 1,
    "fields": {
      "name": "Train1",
      "cargo_num": 4,
      "places_in_cargo": 83,
      "train_type": 3
    }
  },
  {
    "model": "railway.train",
    "pk": 2,
    "fields": {
      "name": "Train2",
      "cargo_num": 10,
      "places_in_cargo": 94,
      "train_type": 3
    }
  },
  {
    "model": "railway.train",
    "pk": 3,
    "fields": {
      "name": "Train3",
      "cargo_num": 3,
      "places_in_cargo": 83,
      "train_type": 1
    }
  },
  {
    "model": "railway.train",
    "pk": 4,
    "fields": {
      "name": "Train4",
      "cargo_num": 5,
      "places_in_cargo": 69,
      "train_type": 2
    }
  },
  {
    "model": "railway.train",
    "pk": 5,
    "fields": {
      "name": "Train5",
      "cargo_num": 8,
      "places_in_cargo": 57,
      "train_type": 1
    }
  },
  {
    "model": "railway.station",
    "pk": 1,
    "fields": {
      "name": "Station1",
      "latitude": 48.71,
      "longitude": 21.21
    }
  },
  {
    "model": "railway.station",
    "pk": 2,
    "fields": {
      "name": "Station2",
      "latitude": 48.72,
      "longitude": 21.22
    }
  },
  {
    "model": "railway.station",
    "pk": 3,
    "fields": {
      "name": "Station3",
      "latitude": 48.73,
      "longitude": 21.23
    }
  },
  {
    "model": "railway.station",
    "pk": 4,
    "fields": {
      "name": "Station4",
      "latitude": 48.74,
      "longitude": 21.24
    }
  },
  {
    "model": "railway.station",
    "pk": 5,
    "fields": {
      "name": "Station5",
      "latitude": 48.75,
      "longitude": 21.25
    }
  },
  {
    "model": "railway.route",
    "pk": 1,
    "fields": {
      "name": "Route1",
      "source": 2,
      "destination": 3,
      "distance": 201
    }
  },
  {
    "model": "railway.route",
    "pk": 2,
    "fields": {
      "name": "Route2",
      "source": 3,
      "destination": 4,
      "distance": 294
    }
  },
  {
    "model": "railway.route",
    "pk": 3,
    "fields": {
      "name": "Route3",
      "source": 4,
      "destination": 5,
      "distance": 91
    }
  },
  {
    "model": "railway.journey",
    "pk": 1,
    "fields": {
      "route": 1,
      "train": 5,
      "departure_time": "2025-06-25T11:35:31.731210",
      "arrival_time": "2025-06-25T14:35:31.731224",
      "crew": [
        2,
        3
      ]
    }
  },
  {
    "model": "railway.journey",
    "pk": 2,
    "fields": {
      "route": 2,
      "train": 4,
      "departure_time": "2025-06-26T11:35:31.731236",
      "arrival_time": "2025-06-26T13:35:31.731241",
      "crew": [
        3,
        4
      ]
    }
  },
  {
    "model": "railway.journey",
    "pk": 3,
    "fields": {
      "route": 2,
      "train": 2,
      "departure_time": "2025-06-27T11:35:31.731250",
      "arrival_time": "2025-06-27T16:35:31.731254",
      "crew": [
        4,
        5
      ]
    }
  },
  {
    "model": "railway.journey",
    "pk": 4,
    "fields": {
      "route": 1,
      "train": 3,
      "departure_time": "2025-06-28T11:35:31.731263",
      "arrival_time": "2025-06-28T15:35:31.731266",
      "crew": [
        5,
        1
      ]
    }
  },
  {
    "model": "railway.journey",
    "pk": 5,
    "fields": {
      "route": 3,
      "train": 4,
      "departure_time": "2025-06-29T11:35:31.731275",
      "arrival_time": "2025-06-29T15:35:31.731278",
      "crew": [
        1,
        2
      ]
    }
  },
  {
    "model": "user.user",
    "pk": 1,
    "fields": {
      "email": "user1@railway.com",
      "first_name": "User1",
      "last_name": "Surname1",
      "password": "test_password",
      "is_active": true
    }
  },
  {
    "model": "user.user",
    "pk": 2,
    "fields": {
      "email": "user2@railway.com",
      "first_name": "User2",
      "last_name": "Surname2",
      "password": "test_password",
      "is_active": true
    }
  },
  {
    "model": "user.user",
    "pk": 3,
    "fields": {
      "email": "user3@railway.com",
      "first_name": "User3",
      "last_name": "Surname3",
      "password": "test_password",
      "is_active": true
    }
  },
  {
    "model": "railway.order",
    "pk": 1,
    "fields": {
      "created_at": "2025-06-24T11:35:31.731464",
      "user": 2
    }
  },
  {
    "model": "railway.order",
    "pk": 2,
    "fields": {
      "created_at": "2025-06-24T11:35:31.731469",
      "user": 2
    }
  },
  {
    "model": "railway.order",
    "pk": 3,
    "fields": {
      "created_at": "2025-06-24T11:35:31.731473",
      "user": 3
    }
  },
  {
    "model": "railway.ticket",
    "pk": 1,
    "fields": {
      "cargo": 1,
      "seat": 45,
      "journey": 2,
      "order": 1
    }
  },
  {
    "model": "railway.ticket",
    "pk": 2,
    "fields": {
      "cargo": 2,
      "seat": 40,
      "journey": 4,
      "order": 1
    }
  },
  {
    "model": "railway.ticket",
    "pk": 3,
    "fields": {
      "cargo": 2,
      "seat": 6,
      "journey": 1,
      "order": 3
    }
  },
  {
    "model": "railway.ticket",
    "pk": 4,
    "fields": {
      "cargo": 3,
      "seat": 34,
      "journey": 3,
      "order": 2
    }
  },
  {
    "model": "railway.ticket",
    "pk": 5,
    "fields": {
      "cargo": 3,
      "seat": 18,
      "journey": 3,
      "order": 2
    }
  },
  {
    "model": "railway.ticket",
    "pk": 6,
    "fields": {
      "cargo": 3,
      "seat": 11,
      "journey": 5,
      "order": 1
    }
  },
  {
    "model": "railway.ticket",
    "pk": 7,
    "fields": {
      "cargo": 3,
      "seat": 44,
      "journey": 3,
      "order": 1
    }
  },
  {
    "model": "railway.ticket",
    "pk": 8,
    "fields": {
      "cargo": 1,
      "seat": 21,
      "journey": 3,
      "order": 3
    }
  },
  {
    "model": "railway.ticket",
    "pk": 9,
    "fields": {
      "cargo": 1,
      "seat": 8,
      "journey": 5,
      "order": 2
    }
  },
  {
    "model": "railway.ticket",
    "pk": 10,
    "fields": {
      "cargo": 2,
      "seat": 2,
      "journey": 3,
      "order": 2
    }
  }
]